ship_type,ship_id_numeric,month_numeric,route_id,distance,fuel_type,fuel_consumption,CO2_emissions,weather_conditions,engine_efficiency
1,0,1,3,132.26,1,3779.77,10625.76,2,92.14
1,0,2,2,128.52,1,4461.44,12779.73,1,92.98
1,0,3,2,67.3,1,1867.73,5353.01,0,87.61
1,0,4,2,71.68,0,2393.51,6506.52,2,87.42
1,0,5,1,134.32,1,4267.19,11617.03,0,85.61
1,0,6,2,85.93,0,2342.13,6753.42,2,72.82
1,0,7,3,85.67,1,2974.79,8498.16,1,93.93
1,0,8,3,44.81,0,1376.38,3509.56,1,91.1
1,0,9,0,116.44,0,3661.75,9423.97,0,73.41
1,0,10,1,99.73,1,2551.99,6416.66,1,94.68
1,0,11,2,149.9,1,4014.14,11930.11,2,76.53
1,0,12,0,53.21,1,1674.21,4671.66,0,84.59
0,1,1,3,92.03,1,2222.43,5766.12,1,85.52
0,1,2,0,141.91,1,3669.79,10052.39,0,83.52
0,1,3,0,51.65,0,1353.75,3649.81,0,74.32
0,1,4,1,197.46,0,5695.04,16991.82,1,89.36
0,1,5,2,72.25,0,1873.13,5427.9,2,78.01
0,1,6,2,183.15,0,3743.91,9542.8,0,80.83
0,1,7,3,160.43,1,3626.57,10355.16,2,77.8
0,1,8,2,121.07,0,2441.62,6537.61,0,76.08
0,1,9,1,193.59,0,5565.57,15355.6,0,87.91
0,1,10,0,144.15,0,3649.72,9225.45,1,83.86
0,1,11,1,154.6,0,4592.25,12442.34,2,92.07
0,1,12,2,173.83,0,5049.27,14184.19,0,76.39
1,2,1,0,112.97,1,3256.57,8593.47,2,70.62
1,2,2,1,45.14,1,1485.59,4280.62,1,71.66
1,2,3,2,29.38,0,855.01,2195.9,0,81.53
1,2,4,2,42.24,0,1376.47,3818.13,1,94.55
1,2,5,3,135.8,0,4750.93,13723.76,1,75.27
1,2,6,1,71.68,0,1823.65,5462.13,2,87.39
1,2,7,0,149.48,1,4211.85,12512.93,0,79.75
1,2,8,3,95.13,0,3105.75,9081.23,2,85.76
1,2,9,3,128.87,0,3322.01,8854.93,1,93.64
1,2,10,0,33.63,0,1146.14,2913.96,2,83.25
1,2,11,2,110.44,1,2852.88,7506.96,2,71.78
1,2,12,0,59.01,0,1685.14,4526.48,1,75.24
2,3,1,0,86.9,0,1698.32,4498.8,0,70.52
2,3,2,1,58.95,0,734.45,1960.81,2,75.07
2,3,3,2,64.67,0,1271.96,3285.93,0,90.92
2,3,4,1,39.85,0,670.74,1720.02,2,73.87
2,3,5,0,192.04,0,3037.36,7648.96,0,72.3
2,3,6,3,111.84,0,1440.61,4170.02,2,75.06
2,3,7,1,165.4,0,2811.38,8143.0,0,79.71
2,3,8,2,162.48,0,2082.27,5954.64,0,70.62
2,3,9,2,183.71,0,2460.76,6454.7,0,78.82
2,3,10,1,80.93,0,977.22,2612.85,1,89.57
2,3,11,3,170.44,0,1995.64,5617.77,0,89.0
2,3,12,0,181.02,0,1983.66,5019.8,1,84.91
3,4,3,3,159.49,1,5906.8,17358.94,0,74.34
3,4,5,3,77.01,1,2362.84,6230.95,1,71.15
3,4,8,2,77.51,1,2841.99,7692.62,1,71.44
3,4,9,2,134.88,1,5792.23,15446.17,0,87.7
3,4,10,3,199.13,0,7219.15,18859.62,0,92.1
3,4,12,1,172.3,0,8249.38,24081.26,0,76.53
2,5,1,1,147.9,0,2656.39,7258.52,2,87.24
2,5,2,0,44.52,0,663.13,1891.44,2,94.2
2,5,3,1,113.0,0,1635.86,4560.25,1,76.44
2,5,4,1,87.17,0,1604.67,4669.62,2,92.06
2,5,5,0,197.78,0,3001.65,7873.3,2,73.67
2,5,6,3,62.36,0,1164.2,2944.68,0,93.83
2,5,7,3,158.07,0,2584.62,7211.22,2,81.67
2,5,8,3,117.52,0,1895.33,5369.6,1,89.42
2,5,9,1,155.32,0,2351.29,6941.15,2,87.02
2,5,10,0,145.53,0,2773.1,8311.52,1,79.32
2,5,11,2,34.55,0,635.93,1664.64,0,85.62
2,5,12,1,129.52,0,1437.19,4194.45,0,88.26
2,6,1,3,66.87,0,700.97,1962.76,0,86.15
2,6,2,0,31.95,0,354.39,1027.23,1,88.57
2,6,3,1,134.85,0,1486.38,4270.31,1,88.42
2,6,4,0,111.86,0,1817.6,4665.14,2,94.84
2,6,5,2,77.89,0,916.5,2389.22,2,80.75
2,6,6,2,147.09,0,2905.05,8256.81,0,86.78
2,6,7,0,52.12,0,815.52,2070.1,2,80.59
2,6,8,2,46.21,0,644.66,1764.81,0,74.71
2,6,9,2,54.78,0,1025.44,2795.27,1,87.9
2,6,10,0,56.75,0,746.58,2121.01,1,74.54
2,6,11,2,90.91,0,1628.86,4516.17,2,72.61
2,6,12,3,37.38,0,553.42,1518.98,1,79.05
3,7,6,1,77.81,0,3197.24,8310.12,0,79.56
3,7,7,2,58.63,0,2824.38,7883.97,2,80.86
3,7,9,3,169.25,0,6930.12,17600.82,2,89.83
3,7,11,3,76.76,1,2479.81,6662.18,1,80.94
0,8,1,0,147.06,1,3316.45,8935.16,2,78.5
0,8,2,1,196.74,0,4024.81,10349.66,1,72.16
0,8,3,2,120.31,0,2428.08,6772.76,1,92.48
0,8,4,2,60.39,0,1496.07,4418.47,0,85.31
0,8,5,3,160.89,1,4216.46,11326.37,1,78.4
0,8,6,1,58.09,1,1483.01,4235.63,0,74.19
0,8,7,0,155.88,0,4394.18,11695.71,1,84.86
0,8,8,2,195.5,1,5815.26,15340.23,2,89.13
0,8,9,1,69.55,1,1745.22,4771.84,2,72.15
0,8,10,2,128.88,0,3721.28,10572.4,0,80.41
0,8,11,3,149.46,0,3676.47,10273.74,1,82.77
0,8,12,0,60.39,1,1780.88,4538.11,2,79.72
0,9,1,2,90.31,1,2085.04,5709.45,1,84.4
0,9,2,3,116.16,0,3342.71,9197.1,1,74.28
0,9,3,3,181.07,1,5373.33,15851.55,2,83.54
0,9,4,1,72.16,0,1503.64,3763.5,0,91.0
0,9,5,3,155.61,0,4035.01,10876.77,1,71.13
0,9,6,2,195.89,1,4092.86,11820.35,0,72.2
0,9,7,1,168.1,1,4787.33,13209.23,0,81.59
0,9,8,3,55.75,1,1464.76,4235.17,0,89.36
0,9,9,0,108.17,0,2888.41,7983.75,1,73.43
0,9,10,1,107.53,0,2186.22,6536.29,1,84.23
0,9,11,3,81.16,1,1980.04,5046.94,2,85.69
0,9,12,2,167.25,0,4376.41,12430.79,1,92.63
1,10,1,3,23.66,0,609.4,1555.32,1,86.98
1,10,2,0,34.39,0,944.69,2598.62,2,80.47
1,10,3,3,82.31,0,2060.96,6014.03,0,74.3
1,10,4,2,57.76,1,1754.24,5109.37,2,92.78
1,10,5,2,142.27,0,4337.09,11587.23,1,78.94
1,10,6,1,31.26,1,1060.94,2708.64,0,88.97
1,10,7,1,66.04,0,2238.1,5922.4,1,76.42
1,10,8,3,53.74,1,1696.23,4353.09,0,70.4
1,10,9,3,73.53,0,2550.0,6745.12,2,80.77
1,10,10,2,39.69,1,1148.01,3218.44,1,91.55
1,10,11,1,103.11,1,3480.94,9054.82,0,85.64
1,10,12,0,39.03,0,1252.65,3484.36,1,70.59
3,11,8,0,136.52,0,5869.98,16904.2,2,70.18
2,12,1,3,168.03,0,2554.21,6460.12,2,90.96
2,12,2,0,37.91,0,531.28,1498.87,2,93.45
2,12,3,1,88.47,0,894.06,2315.14,0,73.06
2,12,4,2,102.3,0,1327.33,3418.28,1,93.8
2,12,5,1,177.6,0,2987.42,8689.15,2,86.97
2,12,6,2,45.92,0,657.61,1742.76,1,85.99
2,12,7,1,131.34,0,2094.87,5529.58,1,82.34
2,12,8,2,46.49,0,833.03,2310.76,1,81.9
2,12,9,2,136.27,0,1467.34,3947.94,2,81.11
2,12,10,2,167.82,0,2207.3,5567.56,2,82.78
2,12,11,2,33.98,0,527.21,1472.81,0,93.83
2,12,12,0,61.71,0,708.64,1972.82,0,89.22
1,13,1,3,85.61,0,2894.95,7396.44,1,77.99
1,13,2,3,44.59,0,1336.88,3435.55,2,77.98
1,13,3,1,53.32,0,1396.44,3554.43,0,86.97
1,13,4,1,82.9,1,2340.87,5943.84,1,93.5
1,13,5,2,132.17,1,3374.09,10111.98,0,89.39
1,13,6,2,37.34,1,1113.36,3092.61,2,94.22
1,13,7,3,56.09,0,1542.52,3879.94,1,91.91
1,13,8,1,76.32,1,1982.49,5008.68,1,81.5
1,13,9,3,77.13,1,2561.67,7594.88,0,82.28
1,13,10,2,69.53,0,1768.84,4431.63,2,79.36
1,13,11,1,114.4,0,3790.28,10702.83,0,87.1
1,13,12,3,113.4,0,3527.25,10579.04,0,88.55
2,14,1,1,39.1,0,548.06,1536.98,0,73.53
2,14,2,2,188.79,0,2733.8,7133.15,1,71.59
2,14,3,0,196.02,0,3806.45,10435.41,0,71.86
2,14,4,2,64.54,0,680.75,1985.48,0,83.99
2,14,5,1,71.33,0,1357.57,3937.98,1,72.48
2,14,6,1,102.7,0,1150.8,2900.92,1,80.83
2,14,7,2,191.96,0,3549.18,9897.46,2,80.93
2,14,8,3,72.07,0,1033.06,2664.76,2,84.52
2,14,9,0,198.44,0,2499.7,6960.11,2,93.36
2,14,10,2,177.53,0,2204.22,5596.13,1,78.77
2,14,11,2,29.59,0,564.97,1580.41,0,78.79
2,14,12,0,115.37,0,1805.6,4575.75,1,84.44
3,15,3,1,94.26,0,3204.13,8662.75,1,89.94
3,15,6,1,97.09,0,3409.86,9199.7,2,93.55
3,15,12,3,102.58,0,4047.78,10829.65,2,73.48
3,16,2,2,150.79,1,5155.01,14108.34,0,72.59
3,16,4,2,237.22,0,7165.46,21254.59,2,79.48
3,16,6,3,222.86,1,6918.25,18129.18,2,74.13
3,16,9,3,170.59,1,5613.51,15671.15,2,71.35
2,17,1,2,39.85,0,701.49,2021.9,0,86.51
2,17,2,2,32.2,0,404.9,1022.19,2,79.34
2,17,3,1,70.82,0,1307.9,3875.36,1,85.71
2,17,4,0,113.52,0,1856.06,5269.68,2,91.81
2,17,5,1,63.25,0,675.8,2004.4,0,83.96
2,17,6,3,80.21,0,1173.95,3451.06,1,74.14
2,17,7,0,34.56,0,504.65,1410.81,2,79.34
2,17,8,1,150.1,0,2780.98,7093.56,2,91.9
2,17,9,0,74.44,0,1260.63,3532.99,0,76.64
2,17,10,0,73.51,0,1332.75,3409.08,2,70.88
2,17,11,1,171.31,0,2140.45,6324.12,0,71.5
2,17,12,1,106.5,0,1548.12,4356.4,0,71.23
0,18,1,2,188.94,0,5410.08,14352.13,0,92.08
0,18,2,2,59.55,0,1727.47,4456.51,0,85.29
0,18,3,0,50.74,0,1100.26,3284.57,0,84.38
0,18,4,3,124.04,0,3072.12,8189.81,0,84.88
0,18,5,1,57.02,1,1614.61,4703.31,2,88.63
0,18,6,3,126.52,0,3040.42,8794.4,0,78.24
0,18,7,0,101.03,1,2871.67,8264.78,1,91.55
0,18,8,1,94.5,0,2724.78,7330.98,2,73.97
0,18,9,1,148.66,1,3120.76,8682.98,2,78.35
0,18,10,1,170.89,0,4612.21,13811.49,2,73.89
0,18,11,3,177.26,0,4994.45,14632.07,0,83.91
0,18,12,1,168.28,0,5044.11,12731.54,2,75.23
1,19,1,1,98.82,0,2550.32,6706.7,1,79.87
1,19,2,2,149.95,0,5059.64,13341.84,1,71.2
1,19,3,1,141.31,0,3785.67,10017.88,1,92.56
1,19,4,1,134.49,0,3679.5,9410.46,0,85.3
1,19,5,2,25.14,1,802.83,2201.69,0,92.69
1,19,6,1,137.44,1,3459.59,8772.44,2,78.53
1,19,7,1,118.76,0,3617.84,9348.81,1,91.54
1,19,8,3,146.7,1,3970.47,11420.54,0,81.52
1,19,9,0,146.46,1,4226.71,12390.7,0,80.05
1,19,10,2,43.94,0,1250.62,3536.87,2,93.5
1,19,11,2,98.02,1,2541.75,6967.32,0,76.45
1,19,12,1,86.94,1,2602.59,6916.44,0,79.64
2,20,1,1,79.49,0,997.81,2570.9,1,80.85
2,20,2,2,91.03,0,1524.31,3820.28,1,92.16
2,20,3,1,84.7,0,1664.31,4952.87,2,83.55
2,20,4,0,48.8,0,893.45,2411.85,2,82.01
2,20,5,0,151.59,0,2651.94,7070.14,0,94.39
2,20,6,2,144.64,0,2150.85,5399.16,1,86.2
2,20,7,2,149.94,0,1714.08,4692.99,0,76.71
2,20,8,3,195.8,0,3199.53,9311.24,1,77.66
2,20,9,3,188.8,0,3031.95,8712.31,0,74.89
2,20,10,2,59.24,0,597.95,1776.85,1,71.08
2,20,11,2,78.33,0,864.43,2489.25,1,75.51
2,20,12,3,177.1,0,2262.22,6635.75,1,72.19
1,21,1,0,65.09,0,1639.52,4268.91,0,70.9
1,21,2,2,80.94,0,2794.15,7331.74,0,70.28
1,21,3,1,111.83,1,2931.78,8441.66,2,93.23
1,21,4,1,144.78,1,3654.0,10239.48,1,72.53
1,21,5,2,104.87,1,3595.51,9075.2,0,71.44
1,21,6,1,118.46,1,3977.01,10237.31,2,74.42
1,21,7,2,142.81,0,4507.52,11394.97,0,85.88
1,21,8,2,131.17,0,3455.18,10315.59,2,92.23
1,21,9,1,58.76,0,2035.11,5758.81,0,81.51
1,21,10,2,112.1,0,3427.21,9190.04,1,70.46
1,21,11,0,119.8,0,3819.56,10191.39,2,87.11
1,21,12,3,56.92,0,1468.97,3842.0,2,87.56
1,22,1,1,58.23,1,1699.53,4978.93,1,77.69
1,22,2,3,88.7,0,2581.1,7472.59,0,76.97
1,22,3,3,53.49,1,1656.17,4566.03,1,85.52
1,22,4,3,103.91,0,2971.8,8699.04,2,81.89
1,22,5,2,87.17,1,2651.01,6926.5,1,70.69
1,22,6,0,89.54,1,2681.88,7056.44,1,89.57
1,22,7,2,119.39,1,3939.71,11380.27,0,74.09
1,22,8,3,24.39,1,846.01,2408.78,2,84.64
1,22,9,0,126.22,0,4211.08,11335.36,0,85.1
1,22,10,3,62.68,0,1954.11,5474.73,0,78.68
1,22,11,1,45.26,0,1511.04,4101.19,2,81.2
1,22,12,3,69.01,1,1880.5,5418.76,2,87.39
3,23,1,1,65.09,0,2905.25,7913.94,0,94.32
3,23,2,2,91.8,1,4366.78,12138.52,1,83.58
3,23,3,0,149.01,1,5384.01,15352.62,1,91.94
3,23,4,0,86.1,1,4287.66,11212.65,0,93.93
3,23,6,3,117.2,1,4671.66,13171.16,0,93.67
3,23,8,2,182.72,0,6679.56,17773.93,1,93.76
3,23,12,3,120.74,0,4010.93,12004.61,0,92.43
1,24,1,3,95.41,1,3133.45,9210.04,0,89.9
1,24,2,0,107.46,0,3469.11,9147.38,1,73.61
1,24,3,0,57.51,0,1931.55,4916.1,1,87.53
1,24,4,2,116.46,1,3616.91,9390.78,1,90.4
1,24,5,3,20.58,0,537.18,1522.09,2,83.72
1,24,6,0,55.38,1,1701.83,4840.15,1,94.15
1,24,7,1,116.16,0,3374.08,8834.51,1,81.96
1,24,8,2,149.51,1,4713.61,13401.45,0,87.28
1,24,9,0,132.92,0,3893.55,10583.35,1,76.15
1,24,10,2,44.42,0,1298.5,3615.99,1,79.77
1,24,11,3,99.94,0,3159.82,8923.79,1,75.41
1,24,12,0,40.36,0,1159.76,2957.64,0,89.77
1,25,1,0,116.69,0,3619.39,10736.32,0,86.27
1,25,2,0,21.11,0,618.57,1789.58,0,81.47
1,25,3,2,90.67,0,2435.69,6402.17,1,78.9
1,25,4,3,69.39,1,2314.97,5805.05,0,81.72
1,25,5,1,123.09,0,3902.97,10306.37,1,75.15
1,25,6,1,46.3,1,1556.45,4080.87,2,79.42
1,25,7,2,79.29,1,2365.69,6279.92,2,74.78
1,25,8,3,86.94,0,2257.48,5963.28,1,76.82
1,25,9,2,76.14,1,2370.51,7091.6,0,83.0
1,25,10,0,111.16,1,3490.6,9870.22,0,75.47
1,25,11,3,59.2,0,1855.35,5511.37,0,78.75
1,25,12,0,74.35,1,2391.61,6789.18,1,88.16
1,26,1,0,70.18,1,2442.33,7137.17,1,72.99
1,26,2,3,132.71,0,4402.34,11167.9,1,93.17
1,26,3,3,145.24,0,4355.72,12783.02,2,92.2
1,26,4,0,124.55,1,3221.29,9405.04,0,93.48
1,26,5,2,56.62,0,1567.98,4073.16,2,74.2
1,26,6,0,75.4,1,2228.26,5797.49,1,93.2
1,26,7,0,48.44,0,1521.47,4171.58,1,89.5
1,26,8,2,72.18,0,2278.17,6027.09,2,88.48
1,26,9,1,123.37,0,3651.09,10789.23,0,73.17
1,26,10,3,82.41,0,2577.71,7055.33,2,90.0
1,26,11,1,51.36,0,1341.02,3385.15,0,83.38
1,26,12,2,105.32,1,3220.73,9016.57,2,84.24
2,27,1,0,50.49,0,911.43,2466.31,0,83.71
2,27,2,0,199.66,0,2408.12,6655.18,0,93.63
2,27,3,2,161.15,0,2398.63,6323.16,0,74.82
2,27,4,0,176.37,0,1878.65,4900.56,0,89.74
2,27,5,3,163.95,0,2361.21,5953.0,2,84.6
2,27,6,3,97.93,0,1208.32,3328.55,0,76.77
2,27,7,1,80.13,0,1147.85,3081.36,0,86.62
2,27,8,1,56.25,0,748.0,2136.58,0,94.29
2,27,9,0,111.94,0,2069.27,5984.36,0,78.53
2,27,10,0,143.42,0,2604.36,7652.68,1,83.18
2,27,11,1,145.07,0,1926.59,5701.91,0,87.04
2,27,12,0,161.25,0,2223.46,5679.22,2,79.91
1,28,1,1,102.75,1,3509.4,10310.95,0,85.79
1,28,2,3,109.11,1,3463.74,9329.6,1,93.53
1,28,3,1,127.94,0,3880.47,10708.58,2,71.19
1,28,4,1,125.84,1,3682.11,10565.0,0,84.25
1,28,5,1,46.93,0,1383.17,4103.98,2,86.05
1,28,6,2,73.36,0,2092.97,6085.27,1,82.87
1,28,7,1,45.85,0,1229.24,3194.38,2,84.61
1,28,8,2,85.2,1,2884.59,8144.91,1,78.68
1,28,9,2,148.29,0,4784.83,14176.15,0,92.02
1,28,10,1,37.16,1,1202.46,3089.79,0,72.66
1,28,11,2,111.21,0,3728.18,10477.94,0,91.23
1,28,12,2,125.81,1,4123.7,10755.6,2,79.42
0,29,1,2,178.42,0,4428.52,11684.43,0,72.05
0,29,2,1,116.18,0,3149.58,8825.4,2,78.21
0,29,3,2,52.83,1,1268.79,3585.41,0,89.61
0,29,4,1,197.35,1,4085.84,11880.69,2,75.81
0,29,5,1,90.8,0,2173.52,5582.82,0,72.58
0,29,6,2,159.71,1,3630.67,10442.54,0,73.67
0,29,7,3,56.54,1,1278.36,3341.75,1,88.14
0,29,8,0,169.72,0,5088.27,13786.21,1,79.06
0,29,9,3,84.41,0,1730.23,4416.29,2,93.28
0,29,10,0,104.55,1,2977.87,7719.69,0,75.67
0,29,11,3,184.31,0,4705.79,13278.47,0,80.53
0,29,12,0,192.57,0,3950.67,11202.54,2,93.98
0,30,1,1,119.07,0,3379.44,9940.69,0,83.56
0,30,2,3,142.02,0,3229.17,8272.74,2,70.44
0,30,3,0,153.6,1,3924.42,11714.41,0,84.44
0,30,4,3,173.93,1,4378.45,12796.79,2,94.59
0,30,5,2,132.95,0,3895.75,11071.89,1,73.91
0,30,6,3,163.94,0,4122.72,11938.53,1,85.64
0,30,7,3,112.35,1,2928.31,7878.63,2,84.84
0,30,8,0,127.69,1,2761.43,6998.65,0,84.43
0,30,9,1,195.73,1,4445.42,11503.01,0,71.63
0,30,10,1,90.3,1,1891.16,5468.73,0,81.8
0,30,11,0,85.73,0,2432.55,6717.69,2,78.56
0,30,12,2,120.54,0,3137.42,7948.62,0,71.47
3,31,8,0,111.72,0,4098.19,10954.68,2,74.78
3,31,9,2,136.97,0,4733.49,14040.17,1,87.94
3,31,10,2,74.78,0,3164.84,8375.31,1,86.11
3,31,11,3,183.77,1,6814.82,19892.07,0,81.98
3,31,12,1,129.96,1,4911.56,14207.9,0,78.55
1,32,1,1,42.22,1,1196.1,3267.01,2,90.64
1,32,2,3,122.92,0,4096.55,10579.78,0,84.81
1,32,3,1,41.3,1,1351.18,3471.03,0,84.66
1,32,4,0,76.21,0,2371.08,6269.5,0,78.01
1,32,5,1,128.17,1,3322.06,9267.98,0,88.53
1,32,6,0,117.24,1,3530.47,10465.35,2,93.33
1,32,7,0,91.81,1,2731.01,7276.37,2,77.8
1,32,8,1,30.59,0,885.05,2334.45,0,94.09
1,32,9,0,65.41,1,2204.43,6020.19,0,81.55
1,32,10,1,127.82,0,4352.54,12953.09,0,89.58
1,32,11,1,46.73,0,1328.9,3536.98,0,85.59
1,32,12,1,87.8,1,2891.55,8547.0,0,88.64
2,33,1,3,133.7,0,2056.93,6096.58,1,93.82
2,33,2,1,45.96,0,657.94,1753.81,1,71.33
2,33,3,2,46.16,0,510.11,1429.25,0,82.52
2,33,4,1,102.86,0,1157.14,3378.35,0,78.44
2,33,5,0,130.82,0,2317.01,6664.31,1,88.72
2,33,6,2,183.03,0,2657.55,6870.3,1,71.2
2,33,7,0,107.69,0,1296.57,3317.65,0,79.2
2,33,8,0,190.55,0,2445.97,6932.22,0,84.11
2,33,9,2,138.38,0,2079.81,5302.76,2,82.93
2,33,10,0,99.72,0,1899.94,5461.75,1,77.37
2,33,11,2,35.57,0,411.14,1200.48,1,94.45
2,33,12,3,158.83,0,1720.68,4683.28,2,81.66
0,34,1,2,181.72,0,4957.67,14847.03,0,88.51
0,34,2,0,124.67,1,2816.44,8150.61,1,70.01
0,34,3,2,132.46,1,3345.33,9659.37,0,93.83
0,34,4,3,170.88,0,4849.39,12140.21,0,83.08
0,34,5,1,127.75,1,2942.16,8502.55,1,76.28
0,34,6,2,190.58,1,5141.35,13793.36,1,92.18
0,34,7,2,92.16,1,2203.1,6449.77,2,73.02
0,34,8,3,100.91,0,3014.68,8736.39,1,84.56
0,34,9,0,182.15,1,4799.08,12304.07,0,75.62
0,34,10,2,100.77,1,2526.98,7289.02,2,91.51
0,34,11,2,75.6,0,1751.39,5103.37,0,70.31
0,34,12,3,78.12,0,2151.93,6029.58,1,85.31
3,35,2,0,165.73,0,6384.08,17499.87,0,75.4
3,35,4,0,96.41,1,3617.35,9291.03,0,76.33
3,35,7,1,202.99,0,6561.39,19317.08,1,91.05
3,35,9,2,218.58,0,9294.25,26870.42,2,88.52
3,35,10,0,125.02,0,4854.02,12783.97,2,89.07
3,36,8,1,72.89,0,3150.3,8404.85,2,73.5
3,36,9,0,116.18,0,4800.98,13419.8,2,78.94
3,36,10,1,195.05,1,6077.71,15658.75,2,78.62
1,37,1,2,59.55,1,1535.99,4051.51,2,89.63
1,37,2,1,131.76,1,4211.8,10736.86,1,88.94
1,37,3,3,117.17,1,3115.84,9065.72,0,82.46
1,37,4,1,29.45,1,998.3,2773.11,1,88.05
1,37,5,1,33.08,1,986.77,2760.15,0,84.66
1,37,6,2,106.45,1,3526.0,8864.01,0,83.93
1,37,7,2,33.06,0,869.0,2242.6,1,94.67
1,37,8,3,102.12,0,2768.11,8268.36,1,75.02
1,37,9,2,33.56,0,1009.83,2799.76,1,87.28
1,37,10,0,106.87,1,3716.05,11138.72,0,93.4
1,37,11,2,40.59,1,1193.39,3442.23,0,85.01
1,37,12,3,127.42,0,4428.47,12536.07,0,91.41
0,38,1,0,144.44,0,4228.03,12596.75,0,71.52
0,38,2,1,187.48,1,4842.47,14403.64,1,86.07
0,38,3,1,191.49,0,4713.67,12613.72,2,83.45
0,38,4,2,193.79,1,5188.07,14723.97,1,79.68
0,38,5,2,167.56,0,4965.11,14693.19,0,72.25
0,38,6,1,88.41,1,2051.46,5621.43,2,87.44
0,38,7,3,64.28,1,1384.93,3983.49,1,81.44
0,38,8,2,96.34,0,2659.86,6766.77,1,75.07
0,38,9,0,93.19,0,2257.04,6143.2,2,77.69
0,38,10,1,154.83,1,3553.77,10240.13,1,77.42
0,38,11,2,57.27,0,1205.32,3157.95,0,70.76
0,38,12,0,105.25,0,2972.94,7561.33,2,82.3
0,39,1,1,95.26,0,2740.5,7939.14,2,81.09
0,39,2,3,181.2,1,5354.46,15260.05,0,72.3
0,39,3,2,177.71,1,3628.23,9178.14,2,70.12
0,39,4,2,60.04,1,1617.92,4160.49,1,71.53
0,39,5,3,88.93,1,2630.24,6638.61,1,78.2
0,39,6,0,181.58,1,4467.77,12027.63,0,89.95
0,39,7,0,132.0,1,3553.16,9170.97,2,78.94
0,39,8,3,167.28,0,4474.19,13342.81,1,88.66
0,39,9,1,194.52,0,5560.6,15895.62,1,79.52
0,39,10,2,168.83,0,4583.63,12698.37,0,90.81
0,39,11,1,66.86,1,1383.07,3680.4,0,94.9
0,39,12,3,157.08,0,3621.0,10415.05,0,91.89
1,40,1,3,138.57,1,3906.66,10771.52,2,86.99
1,40,2,3,87.13,0,2663.62,7841.89,1,92.24
1,40,3,0,40.22,1,1349.04,3538.38,0,81.25
1,40,4,1,102.82,1,3252.44,8815.9,2,78.2
1,40,5,2,59.81,0,1558.4,3913.09,2,74.43
1,40,6,2,88.01,0,2614.95,7250.88,0,84.21
1,40,7,3,34.72,1,944.62,2509.99,0,75.21
1,40,8,2,83.88,1,2312.1,5843.49,0,81.38
1,40,9,3,28.8,0,879.48,2465.78,1,74.63
1,40,10,3,94.37,0,2838.58,7452.16,0,83.82
1,40,11,2,42.76,0,1483.23,4385.76,1,90.1
1,40,12,0,27.68,0,711.15,1788.04,0,75.02
3,41,1,0,52.87,0,2553.1,6770.75,0,81.6
3,41,3,0,52.64,0,2080.57,6016.3,2,73.7
3,41,4,1,82.52,1,2715.02,7103.44,1,74.18
3,41,9,3,75.25,1,2339.56,6090.58,2,74.1
3,41,10,1,222.44,1,8639.41,24557.5,1,71.64
3,41,11,1,138.63,1,5145.1,14632.48,1,77.61
2,42,1,3,104.31,0,1320.92,3764.19,0,76.5
2,42,2,2,112.46,0,1807.78,5299.98,2,70.83
2,42,3,2,169.38,0,2387.59,6625.09,2,70.11
2,42,4,3,22.13,0,252.26,745.93,1,86.52
2,42,5,3,44.26,0,639.99,1727.3,0,87.98
2,42,6,1,26.44,0,312.74,804.45,0,74.41
2,42,7,3,174.74,0,3080.41,8903.26,2,74.19
2,42,8,2,81.98,0,1326.33,3652.42,1,77.44
2,42,9,1,85.8,0,1427.89,3714.03,0,82.28
2,42,10,2,190.75,0,3023.68,8467.92,2,73.54
2,42,11,2,134.05,0,1980.71,5678.37,0,90.85
2,42,12,3,34.25,0,629.43,1639.93,0,70.79
0,43,1,0,123.45,0,2619.28,6665.2,2,80.13
0,43,2,1,136.29,1,3942.38,9986.38,2,72.15
0,43,3,3,151.68,0,4103.79,12241.61,2,92.66
0,43,4,1,146.62,0,4124.0,12337.96,2,78.8
0,43,5,1,156.44,1,3412.2,10231.35,2,84.18
0,43,6,1,166.63,1,3748.78,9918.27,0,83.51
0,43,7,0,187.79,0,4245.03,11699.5,1,71.37
0,43,8,2,172.54,1,3451.72,10178.28,2,74.65
0,43,9,2,51.37,0,1038.45,3113.19,0,82.74
0,43,10,3,159.31,1,4181.46,11970.84,2,91.25
0,43,11,2,100.03,0,2694.5,7992.36,2,81.29
0,43,12,0,124.4,1,2885.75,7981.61,1,81.96
1,44,1,0,125.96,0,3352.07,9583.99,2,78.68
1,44,2,1,23.49,0,655.28,1678.26,1,83.47
1,44,3,0,72.74,1,1916.45,5363.91,0,88.54
1,44,4,2,81.24,0,2797.59,8204.48,0,75.91
1,44,5,0,46.28,0,1318.21,3838.83,2,79.85
1,44,6,0,63.33,1,1904.91,5015.38,2,75.03
1,44,7,1,118.26,0,3890.65,10833.21,1,86.78
1,44,8,2,120.63,1,3536.52,8867.73,2,72.32
1,44,9,2,22.89,0,678.68,1811.87,2,81.46
1,44,10,2,120.7,0,3333.73,8550.45,2,85.24
1,44,11,1,79.61,0,2462.39,6313.03,2,89.58
1,44,12,3,44.43,0,1128.39,3336.41,0,74.45
1,45,1,0,62.94,1,2119.65,5386.4,1,80.19
1,45,2,0,114.25,1,2914.95,7814.65,0,91.73
1,45,3,1,117.37,0,3167.84,8097.2,2,87.14
1,45,4,2,96.98,1,3052.61,8055.57,1,91.53
1,45,5,2,60.5,0,1626.9,4470.35,0,82.93
1,45,6,1,32.84,1,858.54,2240.29,0,70.84
1,45,7,2,58.81,0,1499.56,3904.85,2,91.68
1,45,8,2,141.59,0,4273.6,12172.4,1,84.19
1,45,9,0,107.64,1,3721.46,9594.88,1,92.58
1,45,10,1,102.83,0,3478.06,9386.55,0,79.47
1,45,11,1,109.78,0,2860.52,7247.64,0,85.97
1,45,12,1,99.0,0,3035.46,8017.01,2,80.59
2,46,1,1,124.39,0,1353.44,3934.06,0,76.43
2,46,2,1,35.49,0,612.51,1697.79,0,85.55
2,46,3,1,29.82,0,352.36,897.01,0,90.36
2,46,4,3,22.93,0,437.88,1266.95,0,82.63
2,46,5,1,106.39,0,2026.55,5365.64,2,83.92
2,46,6,2,41.39,0,572.71,1473.82,2,91.94
2,46,7,2,169.27,0,2687.83,7800.58,1,74.52
2,46,8,3,26.02,0,408.74,1049.73,0,75.74
2,46,9,1,75.76,0,1505.24,4327.57,2,84.86
2,46,10,1,168.63,0,1764.66,4859.44,1,82.94
2,46,11,1,110.94,0,1144.24,2961.8,1,75.44
2,46,12,1,122.78,0,1871.41,4992.98,1,80.26
3,47,8,1,95.46,0,3358.81,8903.85,2,71.27
3,47,9,0,91.92,1,4244.55,11296.56,0,85.46
3,47,11,2,145.54,0,5843.19,16006.77,1,81.18
3,48,2,3,85.88,1,2728.01,7575.29,1,71.33
3,48,5,3,90.09,1,2930.86,7968.39,0,78.3
3,48,10,1,81.86,1,4027.22,10125.46,1,81.01
3,48,11,2,139.61,0,4590.63,11948.32,2,77.59
3,48,12,0,183.15,0,7411.36,21680.99,1,89.37
0,49,1,2,160.56,1,4203.34,11240.44,0,82.24
0,49,2,0,145.81,0,3554.61,10091.05,0,89.97
0,49,3,2,96.41,1,2565.55,7686.2,2,91.61
0,49,4,1,158.06,1,3836.06,9897.85,2,83.93
0,49,5,3,53.29,1,1455.54,4011.96,0,71.48
0,49,6,1,85.31,0,2385.13,7127.32,2,72.96
0,49,7,2,165.1,1,3508.25,9746.6,0,84.45
0,49,8,1,101.36,0,2151.83,6169.19,2,77.68
0,49,9,1,153.14,0,3213.34,8227.6,1,74.69
0,49,10,1,120.46,1,3542.26,9685.05,2,90.81
0,49,11,2,181.21,1,4691.84,13517.44,0,88.54
0,49,12,3,120.73,1,3161.19,9010.21,2,88.49
2,50,1,0,182.3,0,2650.17,7334.88,2,73.37
2,50,2,1,129.98,0,1917.92,5371.97,2,82.94
2,50,3,2,70.79,0,871.22,2491.73,2,73.47
2,50,4,2,61.06,0,755.94,2206.09,0,70.52
2,50,5,1,88.17,0,1750.14,4551.95,1,74.24
2,50,6,0,139.53,0,2780.32,7093.72,1,93.28
2,50,7,3,165.59,0,2514.88,6860.45,2,88.81
2,50,8,2,132.09,0,1872.96,5423.28,0,72.72
2,50,9,0,100.0,0,1225.43,3500.14,1,80.65
2,50,10,2,136.08,0,1538.11,4279.11,2,81.38
2,50,11,2,124.83,0,2052.79,5136.2,2,82.66
2,50,12,0,118.09,0,2114.48,5582.31,1,81.76
1,51,1,1,117.25,0,4035.73,10789.16,0,75.07
1,51,2,3,57.99,1,1727.74,4956.75,1,87.62
1,51,3,0,131.32,0,3516.32,9940.64,0,70.47
1,51,4,2,148.86,1,4872.04,13596.33,0,86.05
1,51,5,0,52.62,1,1548.95,4073.05,2,86.25
1,51,6,0,69.74,0,1801.47,4846.78,1,86.93
1,51,7,0,82.64,0,2670.49,7601.85,1,86.02
1,51,8,0,132.53,1,3738.63,10058.38,1,75.84
1,51,9,3,126.28,0,4212.75,11431.87,2,87.18
1,51,10,0,117.94,0,4079.83,11532.93,0,93.67
1,51,11,0,139.85,0,4758.11,13826.21,0,82.81
1,51,12,0,134.09,0,3377.0,9590.71,2,78.91
3,52,6,2,138.94,1,4454.43,11220.52,0,88.16
3,52,7,1,193.37,1,6895.02,19414.13,2,93.88
3,52,10,1,117.33,1,4173.5,11362.99,1,91.01
3,53,2,3,169.3,1,6503.01,19384.69,1,79.54
3,53,4,3,174.35,1,6670.92,16792.02,0,72.44
3,53,5,1,127.34,0,3856.51,10434.4,1,75.52
3,53,8,1,159.07,0,5637.4,16289.73,1,79.55
3,53,9,2,79.53,1,2701.42,7855.34,0,92.41
3,53,11,1,139.19,1,6112.16,16349.62,0,89.53
3,53,12,3,63.6,1,2098.8,5420.59,0,75.49
3,54,3,2,168.57,1,5191.64,13202.25,1,94.92
3,54,6,3,191.37,1,6412.64,18984.6,0,85.43
3,54,8,3,66.22,1,2758.18,7983.81,2,92.61
3,54,9,2,138.88,0,4932.72,12768.69,2,86.58
3,54,10,0,120.66,1,3996.11,10100.81,0,76.78
3,54,12,3,67.46,0,3175.47,8991.25,2,89.79
0,55,1,0,173.27,0,4341.81,11995.81,0,76.02
0,55,2,0,97.98,1,2248.57,5625.59,0,78.52
0,55,3,3,112.19,1,3093.48,7988.4,0,87.54
0,55,4,0,112.4,0,2974.88,8010.68,2,75.95
0,55,5,2,91.87,0,2250.57,6657.04,1,70.14
0,55,6,3,178.59,1,3882.91,10775.76,2,72.1
0,55,7,1,184.79,1,5163.82,13175.79,2,89.82
0,55,8,1,81.6,0,2353.03,5982.03,0,76.18
0,55,9,0,101.55,1,2443.92,6923.01,1,84.2
0,55,10,0,142.41,1,3607.98,10768.33,2,83.42
0,55,11,1,97.76,0,2644.36,6634.58,2,93.69
0,55,12,2,160.06,0,4437.32,11743.66,0,88.7
1,56,1,1,72.72,1,2098.9,5944.84,1,87.7
1,56,2,2,21.93,0,665.79,1771.04,2,93.46
1,56,3,2,117.74,0,4111.73,11613.92,2,72.19
1,56,4,0,64.46,1,2118.55,5904.72,0,70.44
1,56,5,1,120.9,0,3209.1,8107.34,1,77.1
1,56,6,1,79.01,1,2755.38,7174.98,2,87.26
1,56,7,2,147.71,0,4574.29,13423.68,2,89.82
1,56,8,1,60.84,0,1942.05,4955.71,1,90.3
1,56,9,1,115.48,1,3287.17,8618.39,1,81.0
1,56,10,0,44.58,1,1370.41,3749.05,1,76.26
1,56,11,0,146.63,1,4626.98,12024.59,2,70.06
1,56,12,2,103.74,1,3127.65,8922.49,0,90.56
3,57,6,2,88.81,1,3714.52,9527.72,0,77.95
3,57,8,3,210.7,0,8108.79,23994.94,0,89.24
3,57,11,1,108.32,1,4487.57,12224.09,0,85.79
1,58,1,0,66.44,0,1903.38,5046.12,0,93.47
1,58,2,2,51.1,0,1392.83,3758.91,1,89.31
1,58,3,3,129.13,0,4322.62,11474.45,1,72.01
1,58,4,0,144.33,0,3703.32,9759.94,2,88.69
1,58,5,3,85.67,1,2941.9,7550.27,2,86.48
1,58,6,2,37.39,1,1192.25,3220.08,0,88.88
1,58,7,0,140.94,1,3689.47,9466.76,0,94.28
1,58,8,3,137.41,0,4274.53,11420.42,0,83.64
1,58,9,0,91.91,1,3005.05,8115.14,2,75.59
1,58,10,2,93.79,1,2847.1,7516.78,2,81.44
1,58,11,3,130.52,1,4339.71,11218.4,0,83.32
1,58,12,3,32.68,0,1098.22,2987.4,2,72.05
3,59,3,3,98.2,0,4409.87,11497.09,1,74.77
3,59,8,1,76.82,1,2502.6,7335.02,2,89.45
2,60,1,3,192.09,0,2258.04,6148.88,1,86.35
2,60,2,2,85.79,0,1305.12,3866.14,0,79.8
2,60,3,2,163.91,0,1990.36,5703.61,2,94.8
2,60,4,2,170.92,0,2272.34,6300.04,0,88.94
2,60,5,1,55.2,0,1103.69,2907.08,1,92.13
2,60,6,2,64.39,0,742.66,1940.84,2,70.39
2,60,7,0,128.12,0,1375.68,3842.61,2,85.74
2,60,8,1,39.17,0,763.15,2198.1,0,75.58
2,60,9,1,162.55,0,2632.13,7183.86,0,94.07
2,60,10,3,62.78,0,745.3,2158.34,1,75.76
2,60,11,0,184.52,0,2256.2,6175.96,1,82.25
2,60,12,0,163.99,0,2221.77,6218.29,2,82.89
3,61,1,0,208.76,1,7039.26,17607.31,2,74.14
3,61,4,0,177.61,0,8083.66,24036.65,0,94.94
3,61,5,0,127.79,1,5253.48,13545.56,2,82.75
3,61,6,1,85.27,1,3477.69,9129.47,0,75.59
3,61,7,1,188.37,0,6798.78,17464.83,2,78.22
3,61,8,2,90.22,1,2845.95,7872.49,1,84.18
3,61,9,0,147.16,0,4512.41,11389.39,2,81.21
3,61,10,3,162.55,0,6184.42,17801.13,0,82.94
3,61,11,1,86.03,0,2970.62,7707.62,1,76.72
3,61,12,1,200.04,1,6352.0,16584.34,1,83.03
1,62,1,3,93.55,0,2980.23,7691.72,0,93.84
1,62,2,2,80.42,0,2590.63,7296.06,1,90.73
1,62,3,2,126.21,0,3404.06,9255.25,0,83.45
1,62,4,2,107.01,1,3614.48,10389.58,2,93.09
1,62,5,1,32.08,1,1007.7,2863.08,0,82.55
1,62,6,1,58.44,1,1517.11,4134.91,0,75.66
1,62,7,1,108.7,0,2731.66,7413.18,0,72.86
1,62,8,1,92.05,0,2708.32,7526.28,0,91.75
1,62,9,1,134.39,0,4272.16,12068.8,0,74.46
1,62,10,0,72.27,1,2171.77,5810.14,2,84.36
1,62,11,0,26.92,1,685.56,1910.37,2,71.43
1,62,12,2,138.25,0,3615.95,9364.63,2,78.25
0,63,1,1,78.62,0,1875.87,5245.43,1,81.61
0,63,2,3,90.8,0,2623.87,7625.49,2,78.45
0,63,3,3,153.73,1,3581.94,10606.8,2,79.64
0,63,4,1,198.37,0,5768.95,15913.58,1,89.98
0,63,5,1,150.5,0,3702.82,10070.31,1,94.29
0,63,6,0,87.32,1,2444.88,7121.66,2,82.36
0,63,7,0,59.02,0,1565.54,4658.66,0,92.23
0,63,8,1,172.74,1,4867.43,14170.83,1,79.14
0,63,9,2,137.1,1,3807.08,9873.86,2,72.02
0,63,10,0,95.72,1,2271.69,6185.86,0,72.39
0,63,11,2,149.17,0,3769.23,11057.31,2,82.13
0,63,12,3,137.18,0,3876.87,11222.49,0,76.24
1,64,1,2,79.42,1,2402.18,6966.2,1,79.08
1,64,2,1,74.61,1,2216.71,6564.02,0,89.67
1,64,3,2,41.69,0,1245.38,3275.58,0,76.4
1,64,4,3,29.08,0,917.91,2701.7,2,76.41
1,64,5,0,31.64,1,943.16,2696.72,2,92.85
1,64,6,1,122.99,1,3300.85,8973.53,1,91.27
1,64,7,1,130.42,1,3397.2,10054.23,1,82.92
1,64,8,0,53.2,0,1336.22,3457.76,2,91.95
1,64,9,1,56.72,1,1506.11,4458.39,0,79.11
1,64,10,2,90.48,1,2428.39,6161.7,1,81.8
1,64,11,3,88.72,0,2575.94,6810.96,0,93.75
1,64,12,3,48.06,1,1268.97,3381.49,2,74.82
3,65,5,0,183.82,0,6757.4,18471.1,0,92.11
3,65,6,2,210.5,0,9078.44,24327.86,1,85.4
3,65,7,3,78.31,1,3474.43,9696.2,1,86.05
3,65,8,1,120.53,0,5439.38,15896.12,0,86.69
3,65,10,1,81.43,0,3422.84,10229.14,0,84.82
3,65,12,1,211.33,1,7371.42,19745.66,1,92.05
3,66,1,1,190.82,1,8316.38,23540.61,1,85.35
3,66,3,2,198.33,0,8256.6,21477.15,0,83.82
3,66,5,2,129.21,0,4517.46,11641.61,0,75.55
3,66,6,2,272.63,1,9084.54,23862.6,0,82.59
3,66,7,1,113.43,0,5577.46,14579.23,1,90.64
3,66,8,1,250.17,1,8603.08,24892.55,2,82.08
3,66,12,2,159.16,1,5222.55,14151.48,0,76.4
1,67,1,2,57.52,1,1838.16,4611.02,0,84.98
1,67,2,2,147.61,1,3920.05,10662.58,2,71.63
1,67,3,0,108.49,0,2955.2,7438.42,0,91.27
1,67,4,0,125.09,1,4023.97,11254.39,0,87.51
1,67,5,0,44.03,0,1352.9,3400.86,1,80.82
1,67,6,0,31.18,0,949.98,2549.97,2,70.69
1,67,7,0,31.89,1,880.25,2222.31,0,76.52
1,67,8,1,84.99,0,2892.34,7374.94,0,87.89
1,67,9,2,88.11,1,3004.24,8352.16,1,94.13
1,67,10,3,98.19,0,3131.49,8505.19,0,91.33
1,67,11,2,123.85,1,3671.42,10306.94,2,74.52
1,67,12,1,41.09,1,1357.8,3984.31,0,82.52
2,68,1,1,165.51,0,3119.81,8715.5,2,82.7
2,68,2,2,165.79,0,2852.27,7218.59,2,93.2
2,68,3,1,71.85,0,1276.71,3388.89,0,77.55
2,68,4,2,141.2,0,1707.16,4683.36,2,89.11
2,68,5,2,20.64,0,270.4,713.6,1,70.5
2,68,6,1,27.53,0,297.68,843.49,2,86.13
2,68,7,0,95.68,0,1320.09,3867.28,2,88.6
2,68,8,0,85.63,0,1555.13,4166.2,0,88.77
2,68,9,3,110.02,0,1818.59,4731.38,1,80.45
2,68,10,1,165.69,0,1761.27,4664.94,0,85.31
2,68,11,2,78.78,0,1513.47,4513.23,1,90.52
2,68,12,0,136.85,0,2382.83,6377.27,1,82.96
1,69,1,2,137.06,0,3588.76,9160.85,1,87.27
1,69,2,1,34.58,1,1086.45,2718.32,2,92.96
1,69,3,0,132.82,0,4021.78,11733.33,0,77.77
1,69,4,1,55.09,1,1579.19,4733.11,1,88.8
1,69,5,3,77.45,0,2560.93,7024.34,0,94.48
1,69,6,2,60.43,0,2068.91,5805.1,0,80.46
1,69,7,0,126.19,0,4131.79,10503.07,2,74.41
1,69,8,2,141.8,1,3601.42,9112.05,0,89.94
1,69,9,2,56.22,0,1801.03,5364.51,0,91.87
1,69,10,0,111.01,0,3355.8,8858.07,1,91.76
1,69,11,0,149.31,0,4963.07,12942.93,0,75.09
1,69,12,3,123.48,0,3532.12,10173.58,2,76.82
3,70,2,2,171.95,0,5887.21,17192.42,2,71.05
3,70,6,1,189.12,1,6464.99,17359.35,2,88.21
2,71,1,2,69.93,0,1291.07,3501.17,0,70.74
2,71,2,1,70.64,0,1343.09,3749.02,0,90.24
2,71,3,1,167.71,0,2460.48,6307.34,2,82.52
2,71,4,1,130.23,0,1861.11,5158.6,0,73.26
2,71,5,1,94.19,0,1145.9,3336.08,2,75.73
2,71,6,2,178.47,0,2782.58,8319.2,0,82.73
2,71,7,3,127.85,0,1725.24,4413.16,2,88.89
2,71,8,2,67.37,0,1055.77,2905.35,2,89.52
2,71,9,3,104.02,0,1329.39,3332.37,0,88.09
2,71,10,3,33.63,0,525.26,1564.54,2,87.91
2,71,11,2,85.4,0,1365.11,4094.92,2,72.02
2,71,12,2,54.64,0,896.79,2321.95,2,88.55
0,72,1,2,154.32,1,3747.44,10096.97,1,85.7
0,72,2,2,186.54,1,3789.19,9689.24,0,74.11
0,72,3,2,164.13,0,4762.81,12376.31,1,89.35
0,72,4,0,143.69,1,3229.98,9687.84,2,86.38
0,72,5,2,70.7,0,1852.02,5286.11,2,92.46
0,72,6,1,165.7,0,4536.86,12032.59,2,75.93
0,72,7,2,148.93,0,4090.68,10365.28,1,72.64
0,72,8,2,70.3,0,1663.59,4460.98,2,74.38
0,72,9,0,133.79,1,3281.15,8463.08,0,75.27
0,72,10,0,144.96,0,3134.03,9040.23,1,93.17
0,72,11,2,124.02,0,3653.79,9257.25,0,73.58
0,72,12,2,96.86,1,2379.37,6875.75,1,75.57
1,73,1,1,22.44,0,597.21,1786.37,1,86.59
1,73,2,1,20.6,1,622.42,1852.83,1,87.09
1,73,3,2,139.23,0,4688.41,11744.41,2,84.77
1,73,4,0,148.29,1,4810.73,12863.0,2,92.03
1,73,5,1,94.83,0,2430.86,7153.42,2,89.2
1,73,6,0,43.15,1,1466.84,3915.59,0,77.83
1,73,7,1,116.36,0,3977.57,10264.09,2,89.43
1,73,8,1,78.61,1,2161.44,5898.49,1,76.8
1,73,9,3,34.27,0,1035.2,2617.39,2,73.38
1,73,10,1,86.53,1,3007.88,7573.33,2,93.22
1,73,11,1,21.11,1,616.55,1749.73,0,86.13
1,73,12,1,94.68,0,3081.54,8120.79,0,80.81
0,74,1,0,84.75,0,2467.74,7030.55,2,94.95
0,74,2,0,62.46,1,1423.24,4204.77,2,75.98
0,74,3,2,162.17,1,4346.17,12030.17,1,72.22
0,74,4,2,192.55,1,4607.86,11827.04,1,81.0
0,74,5,0,162.94,1,3842.62,9883.27,2,94.49
0,74,6,2,154.26,1,3481.79,8909.32,1,84.58
0,74,7,2,77.13,0,2071.89,5760.56,1,83.33
0,74,8,2,107.28,0,2728.99,7912.88,2,89.41
0,74,9,1,87.62,1,2326.27,6378.93,2,86.94
0,74,10,2,60.66,1,1502.75,4268.35,0,85.88
0,74,11,1,130.27,1,3736.45,9619.6,1,72.61
0,74,12,0,165.68,1,3351.83,9964.56,1,94.44
0,75,1,0,58.13,1,1333.54,3419.66,0,79.4
0,75,2,3,162.07,1,3393.95,9639.17,2,94.43
0,75,3,0,138.87,0,4158.93,11194.82,1,77.87
0,75,4,0,110.59,0,2794.18,7429.5,2,81.88
0,75,5,3,190.44,0,5380.16,15941.88,0,76.3
0,75,6,0,144.16,1,3420.34,8899.12,2,71.32
0,75,7,0,57.07,0,1284.34,3627.18,0,87.55
0,75,8,3,184.68,1,3793.09,10590.5,2,74.76
0,75,9,0,75.35,0,2080.44,5774.91,2,73.05
0,75,10,0,100.82,1,2492.65,6793.97,1,80.03
0,75,11,3,199.29,0,4985.43,12957.47,1,76.5
0,75,12,0,144.49,0,3057.9,7716.97,1,72.2
3,76,1,3,74.63,0,3318.62,8750.39,0,78.82
3,76,4,0,121.51,1,6047.79,17026.14,2,74.28
3,76,8,1,129.56,1,5516.13,14323.68,2,84.51
3,76,10,1,81.45,0,2664.7,7246.19,1,93.48
3,76,11,3,197.55,0,8949.91,26043.45,2,79.6
3,76,12,3,70.2,1,2777.14,8127.41,2,74.94
2,77,1,0,198.34,0,3902.93,9882.67,2,92.6
2,77,2,1,136.1,0,1684.36,4494.46,0,90.26
2,77,3,2,30.29,0,307.58,781.47,1,94.54
2,77,4,1,164.19,0,2324.1,6716.44,1,91.53
2,77,5,1,84.35,0,1300.29,3468.17,2,91.35
2,77,6,0,58.51,0,1116.64,3136.55,2,94.6
2,77,7,1,122.84,0,1575.3,4377.6,0,73.6
2,77,8,2,146.15,0,2289.81,5772.8,2,84.59
2,77,9,3,30.83,0,434.02,1238.46,1,75.65
2,77,10,0,95.04,0,1161.77,3414.77,0,86.13
2,77,11,1,43.32,0,593.15,1594.07,2,72.2
2,77,12,3,74.81,0,1055.36,2844.71,1,93.58
3,78,1,2,99.42,1,3063.86,8874.65,0,79.97
3,78,2,0,198.12,0,9003.94,24476.99,0,72.36
3,78,4,0,186.19,1,7408.95,21077.0,0,79.02
3,78,6,1,225.43,1,6994.13,20516.69,2,94.01
3,78,8,0,133.86,0,4294.23,11047.03,2,73.86
3,78,9,2,264.09,1,8174.05,23285.83,0,74.22
3,78,12,0,129.69,0,6036.81,17610.71,1,92.6
1,79,1,1,117.74,0,3556.44,9410.21,1,81.36
1,79,2,3,47.67,0,1413.32,3750.76,0,86.01
1,79,3,1,102.8,0,3072.71,8006.15,0,82.27
1,79,4,3,128.59,0,3431.02,9739.84,0,93.64
1,79,5,1,138.91,1,4090.91,11119.62,0,84.51
1,79,6,3,105.78,0,2791.65,7601.5,0,87.4
1,79,7,1,83.29,0,2083.79,5359.33,1,71.88
1,79,8,1,48.31,0,1574.13,4325.94,2,86.57
1,79,9,2,132.82,1,3977.06,11919.96,1,79.42
1,79,10,0,138.02,1,3509.58,10304.02,2,82.65
1,79,11,0,82.39,0,2820.36,7459.44,0,82.34
1,79,12,0,116.13,0,3470.6,10037.37,1,75.88
0,80,1,1,157.72,1,4578.65,11491.73,0,92.7
0,80,2,0,168.87,1,3912.07,10457.32,1,85.5
0,80,3,2,80.65,1,2153.0,6049.13,1,84.4
0,80,4,3,95.48,1,2197.77,5770.04,2,94.88
0,80,5,1,179.04,0,4754.14,12889.94,1,77.59
0,80,6,3,99.88,1,2586.51,7609.17,2,89.48
0,80,7,3,110.7,1,2919.89,7997.51,2,86.85
0,80,8,2,188.2,0,5376.72,16031.77,1,83.21
0,80,9,2,154.67,1,3866.82,10458.27,0,90.54
0,80,10,0,131.64,0,3580.38,10247.33,0,82.4
0,80,11,1,197.61,1,5406.44,15749.84,0,84.17
0,80,12,0,87.06,1,1839.13,5254.26,0,75.2
3,81,1,3,114.42,1,3997.38,10756.2,0,76.7
3,81,2,0,195.1,1,7910.82,23493.01,1,85.06
3,81,3,0,81.28,1,3774.91,11314.53,0,82.17
3,81,8,2,79.97,0,3605.05,10272.86,1,84.8
3,81,11,3,186.41,0,5795.93,16322.53,0,85.03
1,82,1,2,127.59,0,4351.49,12534.17,1,80.6
1,82,2,2,101.49,1,3437.66,9986.34,2,88.73
1,82,3,2,119.99,1,3386.08,9468.75,0,78.77
1,82,4,0,67.77,1,2230.76,5777.21,1,83.25
1,82,5,3,21.22,1,652.77,1747.54,2,84.64
1,82,6,3,136.76,0,4079.97,12130.44,1,72.43
1,82,7,3,21.43,0,732.09,1981.43,0,70.53
1,82,8,0,60.06,0,1746.95,5146.75,1,89.05
1,82,9,2,149.51,0,4408.92,11330.54,2,77.56
1,82,10,0,67.53,1,2264.51,6494.42,2,83.97
1,82,11,2,51.71,0,1644.81,4189.89,2,72.01
1,82,12,1,92.1,1,3220.76,8191.16,1,82.07
0,83,1,3,126.91,0,3765.37,10827.73,1,80.13
0,83,2,1,161.99,0,3592.01,10431.57,1,70.83
0,83,3,3,119.43,1,3159.13,8458.54,1,86.27
0,83,4,3,115.97,0,2914.71,7450.23,0,89.95
0,83,5,0,140.93,0,3123.16,8133.81,0,81.87
0,83,6,3,199.81,0,4967.24,14119.67,1,91.56
0,83,7,2,165.27,1,4567.73,11974.13,2,74.01
0,83,8,3,77.03,1,1673.46,4290.22,0,83.29
0,83,9,2,95.42,0,1941.68,5247.58,1,73.12
0,83,10,1,66.88,0,1614.5,4210.33,0,73.91
0,83,11,1,121.16,1,2780.05,7288.36,0,73.7
0,83,12,3,118.03,1,2778.69,7990.66,1,93.59
3,84,1,2,119.04,0,4660.57,13132.83,0,77.62
3,84,2,0,76.49,1,3651.8,9909.18,0,91.0
3,84,5,2,115.57,0,3509.64,10440.23,2,88.01
3,84,7,0,231.77,0,7505.5,21079.25,1,85.07
3,84,8,2,88.81,1,4282.41,10884.08,0,78.59
1,85,1,2,93.39,0,2700.59,8062.21,2,84.67
1,85,2,0,54.67,0,1503.38,4082.06,2,81.74
1,85,3,0,129.38,0,4118.22,11198.28,1,82.1
1,85,4,0,70.55,0,2085.57,6215.44,0,82.71
1,85,5,2,116.25,0,3866.17,11273.16,2,78.83
1,85,6,1,101.72,1,3315.76,8756.07,0,77.7
1,85,7,1,120.9,1,3856.34,11079.7,1,73.46
1,85,8,3,87.66,0,2573.41,7638.04,2,75.87
1,85,9,3,46.42,1,1176.1,3044.58,1,81.75
1,85,10,0,37.71,0,1167.85,2928.03,2,94.98
1,85,11,2,26.56,0,838.39,2267.25,0,90.52
1,85,12,0,115.51,1,4020.17,12003.0,1,73.89
1,86,1,2,94.39,0,2499.01,6836.97,0,88.56
1,86,2,1,20.08,0,652.41,1936.77,1,87.22
1,86,3,0,69.46,1,2422.91,6070.69,0,75.98
1,86,4,0,29.73,0,828.93,2269.53,2,93.32
1,86,5,1,119.35,0,3669.87,10672.42,1,90.49
1,86,6,0,149.22,1,4245.11,12516.02,0,89.78
1,86,7,3,96.46,1,2762.16,8073.99,1,74.83
1,86,8,2,110.5,0,3829.91,10198.33,0,87.93
1,86,9,3,39.47,1,1093.35,3111.87,0,70.69
1,86,10,0,38.76,0,1337.11,3677.54,2,90.78
1,86,11,0,119.06,0,3305.5,9045.83,0,87.54
1,86,12,3,87.85,0,3067.31,9172.5,1,85.93
2,87,1,0,132.09,0,2338.03,6801.3,2,80.54
2,87,2,3,156.94,0,2726.2,7105.63,1,83.54
2,87,3,2,191.47,0,2401.72,6719.46,2,92.62
2,87,4,3,71.41,0,816.84,2107.48,1,73.67
2,87,5,3,187.54,0,3392.47,9342.74,1,81.52
2,87,6,1,180.7,0,3096.62,7963.93,1,87.31
2,87,7,1,123.87,0,1285.91,3606.63,1,74.41
2,87,8,2,81.7,0,836.03,2299.81,2,80.89
2,87,9,2,66.1,0,1314.38,3802.27,1,71.88
2,87,10,1,183.97,0,2060.31,5251.52,2,93.24
2,87,11,0,122.76,0,2307.49,6124.93,1,76.32
2,87,12,0,159.92,0,2146.52,5426.64,1,89.35
0,88,1,3,82.71,1,2160.27,5821.08,2,92.42
0,88,2,3,155.75,0,3907.27,10136.14,1,76.48
0,88,3,1,119.4,1,2418.1,6706.53,1,94.91
0,88,4,1,133.02,0,3290.16,8961.68,0,76.83
0,88,5,2,160.55,1,3433.19,10208.53,0,88.01
0,88,6,3,82.39,0,1907.49,4915.59,0,72.94
0,88,7,3,51.83,1,1046.85,2895.31,1,85.21
0,88,8,1,78.98,1,1882.88,5493.58,2,75.84
0,88,9,2,132.72,1,3576.81,9563.69,1,93.01
0,88,10,2,194.42,0,5505.24,16086.59,0,93.32
0,88,11,3,89.97,0,1804.05,5138.46,2,91.2
0,88,12,0,80.5,1,2275.88,6511.42,0,71.62
3,89,1,0,170.41,0,7649.51,22033.35,0,88.86
3,89,4,3,72.98,0,2205.55,5899.71,1,81.0
3,89,8,1,139.91,1,5612.47,16519.55,2,76.96
3,89,12,1,168.51,1,7337.61,20960.98,1,84.01
3,90,10,3,122.06,1,6026.92,17743.42,1,91.7
3,90,11,1,137.59,1,6405.73,16970.72,0,83.35
3,90,12,1,142.39,0,5713.57,16315.22,2,91.72
0,91,1,1,150.46,0,3586.36,9536.72,1,87.33
0,91,2,1,145.65,0,4228.53,11561.88,0,90.73
0,91,3,3,117.93,0,3498.16,9897.54,1,91.9
0,91,4,1,172.62,1,3645.56,10432.15,1,72.05
0,91,5,3,86.3,0,2437.63,6987.97,1,83.89
0,91,6,0,54.9,1,1136.12,2946.21,1,76.39
0,91,7,1,92.52,0,2449.41,7132.7,1,93.89
0,91,8,1,192.28,1,4537.87,12289.2,2,92.08
0,91,9,3,56.93,1,1354.49,3727.43,2,79.85
0,91,10,0,160.58,0,4793.45,14333.11,2,84.35
0,91,11,0,53.58,0,1493.06,4311.16,1,89.49
0,91,12,2,175.22,0,5109.36,14751.83,1,77.41
0,92,1,0,74.99,1,1698.4,4800.45,0,92.18
0,92,2,0,81.1,0,1676.37,4551.99,0,73.74
0,92,3,2,128.07,0,2757.52,7080.94,1,77.46
0,92,4,3,154.35,1,3306.69,9001.61,0,81.47
0,92,5,2,62.4,1,1532.24,4508.11,1,89.19
0,92,6,0,137.36,0,4084.15,12004.96,1,75.74
0,92,7,3,88.13,1,2396.21,6237.38,0,90.36
0,92,8,1,107.32,0,2272.15,5827.09,2,81.78
0,92,9,1,98.99,0,2335.15,6320.38,2,82.2
0,92,10,0,62.6,0,1657.06,4584.55,0,75.0
0,92,11,3,183.26,1,5053.0,14336.02,2,86.44
0,92,12,1,186.24,1,4126.02,11848.02,1,88.95
1,93,1,2,90.65,0,2783.15,7069.54,2,83.06
1,93,2,0,48.59,0,1534.2,3988.68,1,76.16
1,93,3,3,83.5,1,2747.89,6890.03,0,85.25
1,93,4,0,119.57,1,3891.75,11542.58,1,78.39
1,93,5,2,60.98,0,1696.71,4274.08,1,71.3
1,93,6,1,81.81,0,2093.66,5370.7,0,93.57
1,93,7,0,110.71,1,3845.02,11138.28,0,93.43
1,93,8,0,121.72,0,3831.8,10048.57,1,92.94
1,93,9,3,142.86,0,4884.56,13363.5,2,75.35
1,93,10,3,103.58,1,2959.76,7488.96,1,76.28
1,93,11,2,144.37,0,4870.22,14012.52,1,82.7
1,93,12,0,149.15,1,3895.54,10065.87,0,91.1
1,94,1,2,136.93,1,3806.64,10385.96,1,89.91
1,94,2,1,88.8,0,2674.29,6995.11,0,82.53
1,94,3,2,60.34,1,1905.53,5705.65,0,84.82
1,94,4,0,32.47,1,1024.21,2905.11,0,84.33
1,94,5,0,68.69,1,2319.58,6734.34,1,93.0
1,94,6,2,21.11,1,721.9,1819.61,0,73.01
1,94,7,1,133.48,1,4108.29,11145.18,2,80.55
1,94,8,0,61.37,1,1970.45,5186.55,2,83.42
1,94,9,0,21.02,0,544.52,1402.74,2,92.55
1,94,10,0,30.86,1,795.85,2162.22,0,93.78
1,94,11,2,58.52,1,1944.49,5633.39,1,94.66
1,94,12,0,143.98,1,4230.35,12110.97,0,75.9
2,95,1,2,90.07,0,1643.8,4177.75,0,83.13
2,95,2,1,104.75,0,1529.23,4346.19,0,78.14
2,95,3,2,168.82,0,2517.72,6599.34,1,87.8
2,95,4,1,171.93,0,1925.52,5267.3,1,80.69
2,95,5,0,118.67,0,1885.6,4954.32,1,78.91
2,95,6,0,21.42,0,237.88,615.68,1,71.97
2,95,7,1,195.28,0,3310.69,9584.45,0,81.38
2,95,8,2,44.06,0,855.01,2183.19,0,81.73
2,95,9,3,95.11,0,1837.37,5231.88,1,86.8
2,95,10,0,138.09,0,1380.9,4000.98,1,88.86
2,95,11,0,81.49,0,1538.19,4219.42,2,80.39
2,95,12,2,157.85,0,2487.33,6948.34,1,85.78
0,96,1,0,61.79,0,1321.95,3543.18,0,74.4
0,96,2,1,182.5,1,4670.49,13733.9,0,84.02
0,96,3,0,113.34,0,3096.19,8236.87,0,74.98
0,96,4,0,85.65,1,2452.83,6883.49,1,88.95
0,96,5,3,148.86,1,3307.48,9172.08,2,70.25
0,96,6,1,164.39,1,3524.04,9320.88,0,75.4
0,96,7,0,119.05,1,3416.24,10224.84,0,87.62
0,96,8,0,52.56,0,1419.24,3732.3,2,77.32
0,96,9,3,158.36,0,4570.2,12345.24,2,74.91
0,96,10,0,108.0,1,2533.47,7178.08,0,77.77
0,96,11,2,173.47,0,3601.39,9937.12,1,76.9
0,96,12,2,101.87,0,2406.96,6145.38,1,73.78
3,97,2,2,154.45,1,6451.83,17408.53,1,75.97
3,97,4,0,85.55,0,4033.13,10949.78,1,78.25
3,97,7,2,59.63,0,2627.45,7823.19,2,73.43
3,97,8,3,186.6,1,6118.08,15629.37,2,83.1
3,97,9,2,193.61,0,7705.56,21396.09,0,89.47
3,97,11,1,81.68,1,3169.97,8824.29,2,78.3
3,97,12,3,56.97,1,2726.68,6889.4,2,70.06
3,98,1,0,66.84,1,2565.72,7522.32,2,89.61
3,98,6,1,69.56,1,2858.44,7289.6,0,92.39
3,98,11,2,207.58,0,8808.92,24198.72,2,72.44
3,98,12,2,106.48,1,4324.16,12260.96,2,89.38
2,99,1,2,146.74,0,2126.09,5566.51,1,83.14
2,99,2,0,130.97,0,1731.78,4479.48,2,89.33
2,99,3,0,117.09,0,1762.98,4855.32,1,89.97
2,99,4,1,183.03,0,2093.83,5849.03,2,87.29
2,99,5,2,150.55,0,2880.38,7966.11,1,71.64
2,99,6,2,31.27,0,589.65,1721.34,2,75.56
2,99,7,3,199.91,0,2107.61,6280.82,2,92.46
2,99,8,2,87.18,0,1384.68,4079.34,2,88.56
2,99,9,2,105.12,0,2096.23,5243.89,1,78.14
2,99,10,2,32.5,0,466.75,1356.68,1,86.15
2,99,11,0,127.28,0,1910.31,5518.55,1,86.08
2,99,12,2,169.85,0,2827.56,7755.53,1,86.52
2,100,1,3,188.84,0,2049.82,5911.82,2,80.93
2,100,2,3,165.63,0,1971.63,5203.97,1,83.62
2,100,3,3,86.77,0,1132.71,2863.17,1,70.81
2,100,4,2,97.27,0,1731.31,4462.29,0,91.26
2,100,5,0,184.51,0,3578.44,9582.76,0,75.73
2,100,6,1,127.45,0,1744.33,4976.68,1,94.38
2,100,7,3,23.36,0,443.54,1174.66,2,94.56
2,100,8,2,165.73,0,2969.75,8368.33,1,92.37
2,100,9,2,197.25,0,3848.79,10996.97,0,71.0
2,100,10,2,175.84,0,2365.94,6011.87,0,82.52
2,100,11,1,64.04,0,1279.31,3318.05,0,85.89
2,100,12,1,94.2,0,1308.08,3552.13,1,77.1
2,101,1,2,114.52,0,1818.79,4779.11,2,74.26
2,101,2,1,105.11,0,1822.47,5455.24,2,77.82
2,101,3,3,50.68,0,658.4,1848.7,1,83.5
2,101,4,1,199.16,0,3830.8,10853.6,0,80.75
2,101,5,0,175.73,0,1933.1,4847.72,2,92.99
2,101,6,3,48.53,0,696.44,1886.5,2,87.03
2,101,7,0,26.09,0,292.06,846.15,1,88.67
2,101,8,3,24.71,0,410.23,1121.76,2,92.46
2,101,9,2,150.33,0,1751.98,5123.13,1,78.43
2,101,10,1,158.68,0,2897.68,8586.74,1,85.79
2,101,11,0,175.33,0,3327.01,9168.96,2,80.05
2,101,12,3,64.1,0,1052.86,2719.52,1,71.07
1,102,1,2,55.09,1,1408.66,4200.17,1,82.32
1,102,2,3,99.99,0,2906.95,7690.27,2,70.61
1,102,3,1,131.58,1,3955.59,10211.7,1,94.5
1,102,4,2,68.15,0,2345.47,5871.23,0,80.78
1,102,5,1,93.39,0,2502.02,7276.76,1,94.24
1,102,6,2,124.49,1,3699.02,10719.74,1,82.55
1,102,7,0,84.89,1,2964.84,8041.75,1,92.3
1,102,8,3,78.78,0,2209.73,5967.94,2,77.9
1,102,9,1,67.77,0,1944.87,4987.0,0,72.88
1,102,10,0,85.83,1,2479.44,6756.23,2,76.2
1,102,11,0,144.88,0,4381.91,12877.71,0,80.26
1,102,12,3,28.52,0,837.14,2117.77,0,77.11
1,103,1,1,47.93,1,1662.33,4601.41,0,78.61
1,103,2,2,26.53,0,676.37,1862.64,2,80.25
1,103,3,2,117.71,0,3981.33,10293.55,1,73.32
1,103,4,3,67.04,1,2312.5,5941.35,2,87.78
1,103,5,0,107.12,1,2710.02,7246.43,1,84.63
1,103,6,3,91.89,1,2603.57,7542.46,1,85.75
1,103,7,1,70.54,1,2012.44,5988.92,0,83.83
1,103,8,1,118.59,0,3849.79,10891.74,2,93.36
1,103,9,2,126.17,0,3333.38,9719.29,0,90.27
1,103,10,3,111.52,1,3415.0,8888.06,2,88.85
1,103,11,1,121.05,0,3612.88,9497.04,2,91.71
1,103,12,3,126.45,1,4389.29,12427.05,1,78.75
1,104,1,2,146.92,0,5121.13,15049.01,1,94.16
1,104,2,1,39.14,0,1233.0,3218.9,0,76.4
1,104,3,2,29.32,0,998.43,2747.25,2,88.73
1,104,4,1,23.48,0,732.26,2166.04,2,84.96
1,104,5,0,118.88,1,3596.44,10409.53,0,90.43
1,104,6,2,115.76,0,3774.67,10605.85,2,73.54
1,104,7,0,64.62,0,1758.28,5032.19,0,89.78
1,104,8,3,85.26,1,2400.19,6743.53,0,93.51
1,104,9,2,85.23,1,2677.39,6900.6,0,93.14
1,104,10,0,64.89,1,1678.35,4623.88,1,86.2
1,104,11,2,100.23,1,2767.53,8050.61,0,84.45
1,104,12,2,119.56,1,4142.67,11416.1,2,81.55
0,105,1,0,101.68,1,2793.46,7184.56,0,92.42
0,105,2,2,199.96,0,4021.1,10911.15,1,87.14
0,105,3,1,94.58,0,2666.11,7378.24,2,77.79
0,105,4,3,158.15,0,3700.15,10297.38,0,90.28
0,105,5,0,81.07,0,1858.1,4924.22,2,90.41
0,105,6,1,79.62,1,1986.7,5203.26,1,84.6
0,105,7,3,187.55,1,5232.01,14232.56,0,94.95
0,105,8,0,86.36,1,2029.35,5125.13,1,76.68
0,105,9,3,116.35,1,2873.5,8355.64,0,76.55
0,105,10,1,67.59,0,1892.97,4751.55,1,93.61
0,105,11,2,176.6,1,4402.43,11452.53,2,74.52
0,105,12,0,68.35,1,1878.34,5420.74,1,75.12
0,106,1,0,132.29,0,2716.79,7866.08,1,90.86
0,106,2,1,51.81,1,1039.12,3111.21,0,84.32
0,106,3,0,89.31,1,2369.8,6149.52,2,77.07
0,106,4,2,187.46,1,3835.13,10239.12,0,93.94
0,106,5,0,111.39,0,2602.31,7576.72,1,83.11
0,106,6,1,191.89,1,5177.11,13613.37,1,79.38
0,106,7,2,166.94,0,4915.84,12342.39,1,83.32
0,106,8,1,148.18,1,3825.68,11078.16,2,89.11
0,106,9,0,119.4,0,2824.31,7869.76,2,85.51
0,106,10,3,142.52,0,4099.56,10682.85,1,94.15
0,106,11,0,187.75,1,4923.14,12777.45,1,72.93
0,106,12,0,53.55,0,1197.72,3572.73,0,94.17
3,107,6,3,117.82,1,5707.91,14413.15,0,83.83
3,107,7,3,92.48,0,4429.88,12715.49,2,73.82
3,107,8,3,69.7,0,3386.72,9832.32,1,77.13
3,107,10,2,116.15,1,5254.53,13948.14,0,76.24
3,107,11,2,177.01,1,5669.94,15461.03,0,87.45
3,107,12,1,244.89,1,8039.88,23906.87,1,75.49
2,108,1,2,157.98,0,2983.79,8730.0,2,90.67
2,108,2,3,109.14,0,1860.07,5489.9,0,75.85
2,108,3,3,75.36,0,770.06,2279.77,0,73.9
2,108,4,0,144.38,0,2874.01,8475.32,1,90.36
2,108,5,1,28.32,0,405.49,1216.32,1,70.81
2,108,6,1,63.5,0,1112.56,2965.24,1,75.42
2,108,7,0,105.68,0,1225.76,3677.26,1,85.23
2,108,8,0,75.9,0,1484.89,4275.36,2,78.89
2,108,9,2,46.62,0,791.1,2345.86,0,81.54
2,108,10,0,56.33,0,985.87,2704.94,2,73.96
2,108,11,0,164.18,0,1851.71,5219.49,2,78.36
2,108,12,1,121.94,0,1760.87,4856.47,0,74.12
2,109,1,0,148.03,0,2671.57,6750.47,1,79.66
2,109,2,1,86.91,0,1615.6,4573.48,0,77.17
2,109,3,1,23.21,0,375.51,997.36,2,81.62
2,109,4,2,154.44,0,2602.87,7006.15,1,75.89
2,109,5,3,174.09,0,1930.22,5140.13,0,72.94
2,109,6,1,172.91,0,2179.67,6116.69,1,75.24
2,109,7,0,122.24,0,1615.42,4300.22,2,90.72
2,109,8,1,20.17,0,295.6,875.06,0,74.15
2,109,9,2,67.19,0,877.02,2600.05,1,79.11
2,109,10,3,70.84,0,798.14,2298.23,2,84.14
2,109,11,1,65.15,0,843.1,2134.62,2,89.9
2,109,12,3,103.85,0,1832.07,4652.71,1,89.19
2,110,1,1,187.27,0,2388.84,6328.9,1,77.64
2,110,2,0,113.78,0,1468.61,3710.26,2,81.55
2,110,3,0,132.24,0,1676.65,4388.44,1,87.5
2,110,4,1,193.96,0,3801.36,10219.15,2,80.94
2,110,5,3,174.52,0,2937.26,8570.03,1,92.95
2,110,6,0,99.31,0,1821.48,4973.91,0,86.53
2,110,7,3,193.19,0,1944.93,4955.1,0,83.8
2,110,8,0,179.92,0,2780.87,8292.72,2,79.58
2,110,9,1,50.37,0,691.5,1917.17,2,72.06
2,110,10,0,43.41,0,471.13,1380.11,0,74.96
2,110,11,3,191.46,0,2787.83,7494.27,1,70.7
2,110,12,2,49.69,0,520.64,1501.79,2,77.91
1,111,1,0,59.52,0,1800.86,4872.78,2,72.45
1,111,2,2,92.18,0,2815.73,8179.9,2,72.65
1,111,3,1,110.46,1,3658.66,9828.24,1,82.94
1,111,4,1,147.09,0,4178.51,11146.45,0,75.07
1,111,5,2,44.07,0,1541.1,4528.65,0,84.94
1,111,6,0,113.41,0,2946.84,8159.76,1,84.21
1,111,7,0,52.62,1,1759.79,4914.79,0,91.97
1,111,8,2,30.08,0,772.37,2267.33,1,92.52
1,111,9,3,70.57,1,2412.31,6462.97,2,94.07
1,111,10,1,35.59,1,1040.58,3024.33,2,70.09
1,111,11,2,98.74,1,3052.3,9012.88,0,87.67
1,111,12,2,37.23,0,1072.47,2997.1,1,82.04
2,112,1,0,187.13,0,1918.53,5697.89,2,94.1
2,112,2,3,51.93,0,1013.32,2900.07,2,70.74
2,112,3,2,190.81,0,3625.49,10853.63,2,90.34
2,112,4,0,151.15,0,2003.5,5368.57,1,78.2
2,112,5,2,139.23,0,1738.64,4766.71,0,87.09
2,112,6,0,46.37,0,714.02,2063.99,1,86.22
2,112,7,3,78.62,0,1219.65,3397.84,1,90.25
2,112,8,2,125.45,0,2272.09,6553.13,2,91.54
2,112,9,3,79.49,0,1136.55,2915.83,2,91.16
2,112,10,1,126.31,0,2380.95,6170.53,2,94.4
2,112,11,3,160.29,0,2207.52,6481.07,0,71.98
2,112,12,1,95.66,0,960.55,2703.76,2,77.95
2,113,1,2,180.42,0,2284.77,6299.75,0,90.55
2,113,2,1,197.7,0,3234.04,8590.57,2,84.67
2,113,3,2,171.08,0,2267.65,5864.26,0,94.79
2,113,4,2,60.37,0,1149.66,3203.68,0,75.57
2,113,5,1,81.84,0,980.41,2749.59,2,91.28
2,113,6,3,80.68,0,1171.35,3385.44,0,91.7
2,113,7,3,179.28,0,2790.12,7202.32,2,84.27
2,113,8,2,144.84,0,2622.04,7812.16,0,74.05
2,113,9,0,57.14,0,992.15,2951.26,0,92.83
2,113,10,2,124.1,0,2387.68,6418.96,1,81.15
2,113,11,0,60.21,0,1050.64,2935.95,1,76.89
2,113,12,3,69.27,0,1180.37,3338.66,2,73.11
2,114,1,0,163.47,0,2741.49,7981.01,0,74.43
2,114,2,2,129.25,0,1883.47,5440.37,2,81.81
2,114,3,0,119.72,0,2030.76,5460.1,1,91.68
2,114,4,0,38.54,0,555.25,1400.28,1,87.03
2,114,5,0,23.76,0,468.04,1265.21,1,74.35
2,114,6,1,89.14,0,1751.3,4823.63,0,81.0
2,114,7,2,137.0,0,2669.35,6928.17,2,87.28
2,114,8,0,169.2,0,1787.38,4687.42,0,75.98
2,114,9,0,45.17,0,865.06,2237.4,2,72.07
2,114,10,2,82.46,0,1230.39,3448.38,0,89.92
2,114,11,3,126.66,0,2078.77,5247.86,2,89.45
2,114,12,1,144.01,0,2399.85,6412.24,2,84.14
3,115,1,0,77.19,0,3131.51,8752.98,1,81.04
3,115,4,0,207.53,0,7806.06,22183.19,1,84.73
3,115,5,3,62.2,0,2874.09,7641.37,1,85.0
3,115,6,2,142.76,1,4899.45,14421.91,2,81.01
3,115,8,3,176.67,1,7258.74,19062.48,2,71.3
3,115,9,1,66.82,0,3056.87,9104.18,2,85.12
3,115,12,0,68.69,0,3216.95,8988.45,0,93.26
3,116,4,0,161.34,0,7870.63,22843.57,1,80.3
3,116,5,3,232.27,0,7034.51,19204.83,1,85.97
3,116,6,1,103.37,1,4220.68,11232.43,0,89.12
3,116,8,2,120.15,0,3877.23,9714.02,2,78.69
3,116,9,3,251.97,0,7896.53,21422.33,1,76.72
3,117,1,0,148.58,1,5163.7,13191.85,1,84.93
3,117,2,2,90.38,0,4350.46,12883.82,0,72.7
3,117,3,3,58.17,0,2728.82,6977.16,2,81.47
3,117,6,2,279.88,1,8483.17,21277.81,1,80.97
3,117,7,2,185.85,1,6884.76,17508.55,2,90.1
3,117,8,1,81.84,1,3055.6,8005.1,1,93.35
3,117,11,0,185.19,0,8175.88,22304.34,1,91.27
3,118,2,2,211.68,0,9088.85,23878.21,2,78.66
3,118,7,3,140.09,1,4641.73,11604.78,2,91.06
3,118,10,0,88.25,1,4214.07,11879.74,1,79.03
3,118,11,2,170.38,1,8422.97,23552.11,0,93.39
3,118,12,3,142.08,0,4872.73,13726.32,1,80.25
0,119,1,0,106.4,0,3047.0,8001.56,1,73.99
0,119,2,3,139.73,1,3319.94,8917.37,2,72.7
0,119,3,3,136.37,0,4059.66,10785.67,1,71.33
0,119,4,3,146.14,1,3782.79,11343.26,2,87.81
0,119,5,2,57.37,1,1419.7,3712.48,0,92.86
0,119,6,3,129.53,1,3721.17,9307.06,2,90.37
0,119,7,0,133.44,0,3730.77,11044.08,1,89.43
0,119,8,2,63.84,0,1633.85,4852.28,2,75.88
0,119,9,1,61.43,1,1263.48,3571.13,0,78.0
0,119,10,2,193.09,1,4661.63,12267.13,2,79.67
0,119,11,1,166.5,0,4298.0,12297.71,1,92.87
0,119,12,3,127.66,0,3549.91,10641.9,1,90.82
